User, Friends
abmezic,	fhzegqw; ouyrcev
abrlnrt,	aebczel; ggpmpjb; jayxjmy; rkxrhyf; utxzmms; xcdglzr
abvqaet,	cjhyqfs; cufrldd; fhzegqw; ouyrcev; vtfivzd; wuflnwt; zkefxzj
aebczel,	cjgmifz; ihfyzyb; tojkrku; zcryqzy
ajbqmda,	cufrldd; gyqwsnh; rkxrhyf; yzxnprv; zflbevj
albpjqi,	hmvxvxn; jayxjmy; kyhwdgw; lcmjnlj;
alkusho,	lcmjnlj; rkxrhyf; vwtxhry
amdghny,	kpzrghq; nweofqt; ojehqqk; pmraxnp; qkwiwkt; rkxrhyf; xiblkbt
amhmdtg,	myvqlrf; pactcbe
apminzc,	aagphvj; crucjus; glowhav; izwapwt; kyhwdgw; pmraxnp; qdthgrv; skfkaso; toqxdxh; vkfohoc
aybnjmz,	sfxrktq
bdcayuo,	apminzc; blxwnsa; bxrkowy; hdfbbuq; hfmrfdo; hmlfdrd; icfueic; ihfyzyb; ijkkjsw; ixxvkwb; krokzvs; leijpin; nweofqt; okaohbk; okdbkws; qgdwekl; tzxjutr; wknokbu; xagqjmf; xlxrppt; zflbevj
bemrxcn,	deiinqb; lwojgmj; myvqlrf; pactcbe; pepdoqk; pyzjfin; xglojna; xzeeblf; yotfnuf; zarwtkd
bfhaltf,	dpjukhm; qgdwekl
bfrvcrw,	wuflnwt
bjvgoii,	bwrbont; kpgoclr; nfjcfjb; nhfglwk; ojehqqk; snbsiyj; tikexia; xagqjmf; xglojna; yumkigz
blxwnsa,	abvqaet; cufrldd; vtfivzd; vwtxhry
bridqfy,	iyeubqa; krokzvs; kyhwdgw; lcmjnlj; ncyiold; qxvspxe; tsaptub; ugkkuem; wknokbu; wnqxpzp; ytltzru; zomqaqz
btndyix,	hmvxvxn; hrygglx; ivpuynu; zcryqzy
bwrbont,	cysiwhl; hbpxsyl; jayxjmy; pepdoqk
bxqgapi,	kyhwdgw
bzrapcd,	cufrldd; jayxjmy; nweofqt; xfjxuig
cdpboub,	albpjqi; alkusho; ivpuynu; kescwmb; khfdngz; qdthgrv; tnofyba; vtfivzd; xtzpkov; yotfnuf
cjgmifz,	izwapwt
cjhyqfs,	oelzqub; rrfghxh; sfxrktq
cjzbtcs,	bxqgapi; ddsyivn; dncrktv; drclpvk; eaqweuj; fhzegqw; finuphl; ghcivkt; ihfyzyb; ikzwzeq; iysorjc; kescwmb; lgaruff; oelzqub; pycmucj; xagqjmf; xiblkbt; yrgmrhm; zvljfao
cnmlovm,	bemrxcn; dqtnwdu; ghcivkt; hmvxvxn; iyeubqa; krokzvs; lhabaxl; nflsqfo; pycmucj; qxeliqt; tnofyba; xcdglzr; ydmxgfr; zarwtkd
cpqoktg,	rrfghxh; sfxrktq
ctnlyrt,	kkdbmtu; rpsozfh; smnbuvy
cxpnmvd,	abvqaet; dpjukhm; exywnlh; jayxjmy; jnjtvcd; leijpin; lgaruff; regtbsn; rhgfaio; tqsqsui
cysiwhl,	krirlmz
czmmunk,	asylswu
dbdwgxb,	aagphvj; bfhaltf; ddsyivn; drclpvk; gnjjndk; ixxvkwb; jnjtvcd; kacrrsv; kkdbmtu; rpsozfh; smnbuvy; vcrnziz; wuflnwt; yumkigz
ddsyivn,	bfrvcrw; rkxrhyf; snbsiyj; yumkigz
deiinqb,	ixxvkwb
djhvcom,	ggpmpjb; smnbuvy
dkiwgrh,	rhgfaio; tzxjutr; zvljfao
dmeejbj,	bxrkowy; gbfnexb; ggpmpjb; smnbuvy; ycicszn; ydmxgfr; yiqfrcq; yotfnuf
dncrktv,	fhzegqw; ixxvkwb; uymadae
dqiwvim,	fcjrqks; ugzqipr; xfjxuig; ycicszn
dqtnwdu,	hrygglx; jlnfvng; rkxrhyf
drclpvk,	kafqfbo; kpzrghq
eaqweuj,	ajbqmda; btndyix; gnjjndk; hqstmbl; ijkkjsw; koliqvz; laavakp; lhnjavr; myvqlrf; ouyrcev; pmzwsno; qkwiwkt; rrfghxh; uymadae; xiblkbt; xvhqysw; yzxnprv
easfglf,	ddsyivn; dqiwvim; exywnlh; glowhav; gnjjndk; gyqwsnh; ijkkjsw; koliqvz; rhgfaio; tzxjutr; zvljfao
ebmrryf,	hqstmbl; ijkkjsw; koliqvz
ehzkvwe,	abvqaet; bdcayuo; bxrkowy; cdpboub; exywnlh; fnwlkzp; ggpmpjb; hbpxsyl; ikyfroe; krirlmz; pmzwsno; pycmucj; rameahu; ugkkuem; ugzqipr; uojjfam; vodayhv
ejayoql,	abrlnrt; bxqgapi; deiinqb; glowhav; hqstmbl; ijkkjsw; nnmntyq; oyisvys; sfxrktq
elugwzl,	pycmucj; rameahu
eowydwe,	aebczel; amdghny; cjhyqfs; exywnlh; hmlfdrd; ixxvkwb; jayxjmy; kbhvndd; mqcjrbs; ndvtkda; nweofqt; ohvzydw; susvcpz; uwiqezd; vkfohoc; wqinqyt; wvunvjr; xvhqysw
eqqwosm,	aybnjmz; ugkkuem
ettjbvt,	asylswu; bfhaltf; bzrapcd; ivpuynu; jayxjmy; skfkaso; tymvhrf; uymadae; xlxrppt; zarwtkd
eubtrrl,	hbpxsyl
exywnlh,	cjhyqfs; finuphl; laavakp; rkxrhyf; ydmxgfr
fbpkzan,	bfhaltf; bfrvcrw; kyhwdgw; xcdglzr; zarwtkd
fcjrqks,	kyhwdgw
fcmtelh,	rwzecov; tuaiwyl; utxzmms
ffemcnm,	bcmzdex; bwrbont; cdpboub; cjhyqfs; fvixxay; ggpmpjb; hdfbbuq; jurnjiy; kafqfbo; kgsyglq; ppmvnzs; hbpxsyl; ttpynfg; wqinqyt; zkefxzj; zomqaqz
fhzegqw,	jlnfvng; koliqvz; uymadae; xcdglzr
finuphl,	bcmzdex; cjhyqfs; fhzegqw; ggpmpjb
fnwlkzp,	albpjqi; gyqwsnh; ijkkjsw; lgaruff; nweofqt; ojehqqk; qdthgrv; tbygetm; zflbevj
fvixxay,	cufrldd; ddsyivn; dncrktv; itunfed; khfdngz; nflsqfo; nweofqt; oelzqub; ondyzoo; rwzecov; tuaiwyl; utxzmms; vkfohoc; xagqjmf; xiblkbt; xvhqysw; yyjelis
gbfnexb,	laavakp; rrfghxh
gffmvrx,	qdthgrv; tbygetm; oyisvys
ggpmpjb,	wuflnwt
ghcivkt,	gyqwsnh
glowhav,	hfmrfdo; hmvxvxn; hrzhafb; koliqvz; rrfghxh; toqxdxh
gnjjndk,	ouyrcev; rkxrhyf; wuflnwt
gnzrdeo,	slkgakp; snbsiyj; ugkkuem; vopxjfh
grlrwra,	jayxjmy; oyisvys
hdfbbuq,	apminzc; jhjymmv; kyhwdgw; oyisvys; vodayhv
hmlfdrd,	amdghny; bzrapcd; kafqfbo; koliqvz; lhnjavr; oyisvys; slkgakp; snbsiyj; ugkkuem; vopxjfh; yiqfrcq
honrjuo,	ixxvkwb; tojkrku; tqsqsui
hvwbstv,	crucjus; eaqweuj; fvixxay; gbfnexb; hmvxvxn; iyeubqa; kgsyglq; ndvtkda; nhfglwk; pmzwsno; qkwiwkt; qxvspxe; tmwfrwg; ugkkuem; utxzmms; vodayhv; zarwtkd; zflbevj
hworehk,	pmzwsno; qkwiwkt; tnofyba; tuaiwyl; yyjelis; zarwtkd
hwsikdx,	pmraxnp; pmzwsno; vkfohoc
icfueic,	asylswu; easfglf; exywnlh; ivpuynu; ixxvkwb; iyeubqa; jlbysig; laavakp; ncyiold; pmraxnp; pmzwsno; vkfohoc; wcmhiul; wnqxpzp; xagqjmf; xiblkbt; xlxrppt; xzeeblf; ydmxgfr; yotfnuf
icuxbhy,	ejayoql; ixxvkwb; jlbysig; lhnjavr; nweofqt; rrfghxh; xfthhhz
ihfyzyb,	dpjukhm; laavakp
ijfnpdi,	asylswu; finuphl; myvqlrf; qkwiwkt; ugzqipr; utxzmms; vswrajk; zflbevj
ikyfroe,	dbdwgxb; ihfyzyb; ouyrcev; sdmlpam; tmwfrwg; tnofyba; uymadae
ikzwzeq,	dbdwgxb; fbpkzan; ixxvkwb; tojkrku; tqsqsui; vkfohoc; xiblkbt; ztfrgmt
iqhfkqk,	blxwnsa; deiinqb; ejayoql; finuphl; ivpuynu; ojehqqk; pmzwsno; qkwiwkt; tnofyba; tuaiwyl; yyjelis; zarwtkd
itunfed,	bzrapcd; exywnlh; ndvtkda; pycmucj; qkwiwkt; susvcpz; yotfnuf
ivpuynu,	aagphvj; bcmzdex; kyhwdgw
ixjzlrl,	susvcpz; 
ixxvkwb,	wuflnwt; ydmxgfr
iyeubqa,	apminzc; dqiwvim; ettjbvt; lgaruff; lxcnuxk; ndvtkda; qdthgrv; wcmhiul; xglojna
iysorjc,	apminzc; cysiwhl; dbdwgxb; dqiwvim; gyqwsnh; hmlfdrd; ijkkjsw; koliqvz; mqcjrbs; myvqlrf; nfjcfjb; qkwiwkt; rkxrhyf; rpsozfh; rwzecov; slkgakp; tbygetm; tiobyze; tmwfrwg; vcrnziz; wcmhiul; wuflnwt; yaxktgv
jbhgfsg,	hmvxvxn; lhnjavr; zflbevj
jfvcglo,	alkusho; blxwnsa; fbpkzan; fhzegqw; ghcivkt; ikyfroe; iqhfkqk; mcmkaqi; pepdoqk; qxcdhnv; tntsntp; wcmhiul; xfjxuig; ycicszn; yzxnprv; zcznmiy
jhjymmv,	aybnjmz; deiinqb; nweofqt; smnbuvy; susvcpz; utxzmms; xfthhhz
jnjtvcd,	grlrwra; gyqwsnh; ivpuynu; xlxrppt
jurnjiy,	bdcayuo; drclpvk; finuphl; ijkkjsw; ikyfroe; myvqlrf; qdthgrv; tqsqsui; vxfroci; zduyakv
jzcknib,	rizkunt; vopxjfh; 
jzsadvu,	lrmridq; zkefxzj
kacrrsv,	bwrbont; crucjus; ddsyivn; deiinqb; fbpkzan; hqstmbl; lrmridq; tnofyba; toqxdxh; ugkkuem; wuflnwt; wwpxgxx; zflbevj
kafqfbo,	crucjus
kbhvndd,	amdghny; cxpnmvd; czmmunk; easfglf; hfmrfdo; hmlfdrd; nfjcfjb; ppmvnzs; regtbsn; tojkrku; ugkkuem; vswrajk; vwtxhry; zvljfao
kbzugvq,	okaohbk; ouyrcev; sdmlpam; smnbuvy
kescwmb,	aagphvj; bwrbont; drclpvk; qfjihhj; skfkaso; vxfroci; yaxktgv; yiqfrcq; zcznmiy
kgsyglq,	cjgmifz; cysiwhl; gbfnexb; ggpmpjb; ijkkjsw; lrmridq; nhfglwk; oyisvys; pmraxnp; qangbjb; rwzecov; tbygetm; tikexia; tnofyba; yzxnprv
khfdngz,	ldhqbuz; okaohbk; ouyrcev; sdmlpam; smnbuvy; vopxjfh; yiqfrcq; zcryqzy; zfrornn
khfsyue,	apminzc; bxrkowy; dqtnwdu; ejayoql; hmvxvxn; ivpuynu; lhabaxl; mcmkaqi; oelzqub; okdbkws; qxvspxe; tmwfrwg; ugzqipr; wuflnwt
kkdbmtu,	aebczel; yumkigz
koliqvz,	bfrvcrw; vwtxhry
kpgoclr,	ggpmpjb; ijkkjsw
kpxfpgn,	ajbqmda; asylswu; gbfnexb; nhfglwk; qangbjb; rizkunt; vopxjfh; xvhqysw; zkefxzj
krokzvs,	bwrbont; exywnlh; hrzhafb; ijkkjsw; kpzrghq; leijpin; nflsqfo; pactcbe; wqinqyt; xfthhhz
kyhwdgw,	kpzrghq
ldhqbuz,	asylswu; ggpmpjb; jbhgfsg; lcmjnlj; ojehqqk; okdbkws; tikexia; tojkrku; tqsqsui; wknokbu; xfthhhz
leijpin,; ; ; ; bfhaltf; cjhyqfs; ejayoql; fcjrqks; fnwlkzp; ixxvkwb; kafqfbo; nhfglwk; nnfrpxn; oyisvys; pyzjfin; tnofyba; wknokbu; yiqfrcq; zvljfao
lgaruff,	cjhyqfs; fcjrqks; hrygglx; ugkkuem; vwtxhry
lhabaxl,	bcmzdex; bwrbont; cjhyqfs; finuphl; kafqfbo; kescwmb; khfdngz; kpgoclr; leijpin; mcmkaqi; mqcjrbs; nnfrpxn; qfjihhj; uojjfam; vtfivzd; xagqjmf; yotfnuf; zflbevj
lhnjavr,	bcmzdex; tvmgwlk
lkpkyls,	abrlnrt; albpjqi; bfhaltf; crucjus; gnjjndk; ikyfroe; lwojgmj; myvqlrf; ndvtkda; qxvspxe; tuaiwyl; xfjxuig; zvljfao
lrmridq,	deiinqb; hbpxsyl; koliqvz; qangbjb; tnofyba; wwpxgxx; zcznmiy
lwojgmj,	ejayoql; ghcivkt; ixxvkwb; kacrrsv; myvqlrf; nnfrpxn; qxeliqt; tuaiwyl; xguzdcr; ztfrgmt
lxcnuxk,	hmvxvxn; jayxjmy; lcmjnlj; okaohbk; pactcbe; skfkaso; susvcpz; vswrajk; xnbnflx
mcmkaqi,	aagphvj; bfhaltf; czmmunk; jlbysig; kpgoclr; uymadae; ytltzru
mqcjrbs,	dncrktv
mxbfook,	myvqlrf; rkxrhyf; tntsntp; yiqfrcq
myvqlrf,	abvqaet; ihfyzyb; jbhgfsg; lhnjavr; tvmgwlk; xtzpkov
ncyiold,	gyqwsnh; hrygglx; icuxbhy; pmraxnp; ttpynfg; vkfohoc; wwpxgxx
ndvtkda,	crucjus; ihfyzyb; nweofqt; yiqfrcq
nfjcfjb,	kafqfbo; sfxrktq; tiobyze; tuaiwyl; yotfnuf
nflsqfo,	jayxjmy
nhfglwk,	btndyix; hrygglx; pmraxnp; yumkigz
nnfrpxn,	abrlnrt; bzrapcd; dbdwgxb; gbfnexb; ijfnpdi; lrmridq; myvqlrf; rkxrhyf; tntsntp; yiqfrcq; zcznmiy; zfrornn
nnmntyq,	bxqgapi; czmmunk; ixxvkwb; lcmjnlj; lhnjavr; oyisvys; tnofyba; vodayhv
nqztlit,	lhnjavr
ntzzedo,	hbpxsyl; ihfyzyb; ivpuynu; 
nweofqt,	kafqfbo; ydmxgfr
oelzqub,	cufrldd; glowhav; lcmjnlj; slkgakp; yumkigz
ohvzydw,	bxrkowy; cysiwhl; hmvxvxn; leijpin; lhabaxl; ncyiold; okaohbk; pyzjfin; susvcpz; toqxdxh; tymvhrf; uwiqezd; wcmhiul; xzeeblf; zduyakv; zkefxzj
ojehqqk,	cufrldd; fhzegqw; ivpuynu; izwapwt; slkgakp
okaohbk,	aybnjmz; easfglf; fbpkzan; fnwlkzp; krirlmz; ndvtkda; nnmntyq; rwzecov; ugzqipr; yotfnuf; yrgmrhm
okdbkws,	gyqwsnh; hbpxsyl; ihfyzyb; ivpuynu; nflsqfo; qgdwekl; tvmgwlk; vwtxhry; zkefxzj
ondyzoo,	abvqaet; fcjrqks; hqstmbl; ijfnpdi; jbhgfsg; lrmridq; nhfglwk; ojehqqk; rkxrhyf; ugkkuem; ugzqipr
ouyrcev,	bcmzdex; nflsqfo
ovimmed,	pyzjfin; susvcpz; toqxdxh; tymvhrf
oyisvys,	hrzhafb; rkxrhyf
pactcbe,	tvmgwlk; xcdglzr; yotfnuf; zvljfao
pivhhqa,	kpzrghq; nhfglwk; nnmntyq; oelzqub; okaohbk; ouyrcev; pepdoqk
pmraxnp,	bfrvcrw; cysiwhl; glowhav; tojkrku; utxzmms; zarwtkd
pmzwsno,	kafqfbo
ppmvnzs,	bfhaltf; dqiwvim; grlrwra; hmvxvxn; ikyfroe; kpzrghq; nhfglwk; nnmntyq; oelzqub; okaohbk; ouyrcev; pepdoqk; skfkaso; tntsntp; uymadae; wknokbu; wwpxgxx; yaxktgv
ptymplh,	ojehqqk; qangbjb; ycicszn; zflbevj
pyzjfin,	abrlnrt; aebczel; amdghny; blxwnsa; cysiwhl; dmeejbj; fbpkzan; fhzegqw; izwapwt; kacrrsv; ldhqbuz; ouyrcev; smnbuvy; tsaptub; tymvhrf; tzxjutr; vopxjfh; xlxrppt; xnbnflx; zcznmiy
qangbjb,	cjgmifz; cysiwhl; ixxvkwb; koliqvz; nflsqfo; rrfghxh
qavqvzw,	ldhqbuz; ouyrcev; smnbuvy; tsaptub
qdthgrv,	hbpxsyl; krirlmz; lgaruff; ojehqqk; toqxdxh; vswrajk
qduqchp,	dmeejbj; fbpkzan
qfbydsd,	ldhqbuz
qfjihhj,	ajbqmda; ddsyivn; deiinqb; ijfnpdi; pmzwsno; yotfnuf
qgdwekl,	btndyix; lhnjavr; qangbjb
qkwiwkt,	aebczel; asylswu; hrygglx; qdthgrv; qgdwekl; rpsozfh; susvcpz; vswrajk
qlccuvy,	jhjymmv; kkdbmtu; ldhqbuz
qxcdhnv,	cysiwhl; czmmunk; dbdwgxb; dmeejbj; icuxbhy; jlnfvng; jzsadvu; kacrrsv; myvqlrf; oyisvys; ptymplh; qdthgrv; wwpxgxx; ztfrgmt
qxeliqt,	abvqaet; asylswu; aybnjmz; ihfyzyb; jhjymmv; kkdbmtu; ldhqbuz; lrmridq; nnfrpxn; regtbsn; slkgakp; wnqxpzp; wwpxgxx; xtzpkov
qxvspxe,	amdghny; bfhaltf; bxqgapi; dncrktv; hqstmbl; ijkkjsw; pmraxnp; snbsiyj; vkfohoc
qyytszl,	deiinqb; fnwlkzp; glowhav; hbpxsyl; nhfglwk; ouyrcev; rizkunt; zarwtkd
rameahu,	alkusho; amdghny; crucjus; eqqwosm; hmvxvxn; hrzhafb; icfueic; jlnfvng; ldhqbuz; nnfrpxn; qdthgrv; qgdwekl; qxvspxe; rhgfaio; ttpynfg; wvunvjr; xlxrppt; zvljfao
regtbsn,	bxrkowy; deiinqb; hfmrfdo; ijfnpdi; jlbysig; jlnfvng; jnjtvcd; susvcpz; toqxdxh; yumkigz; yzxnprv; zcryqzy
rhgfaio,	ddsyivn; dmeejbj; nweofqt
rizkunt,	eqqwosm; laavakp; ugzqipr; vkfohoc
rjdwqjg,	dmeejbj; eqqwosm; fbpkzan; iqhfkqk; khfsyue; krirlmz; qfjihhj; sdmlpam; vwtxhry; vxfroci; wknokbu; xfjxuig; xfthhhz; xiblkbt; xlxrppt; yrgmrhm
rlzfkzw,	hmvxvxn; hrzhafb; icfueic; jlnfvng; ldhqbuz; nnfrpxn; qdthgrv; qgdwekl
roopegl,	asylswu; blxwnsa; cdpboub; lhnjavr; lrmridq; nflsqfo; qangbjb; tnofyba; tqsqsui; vtfivzd; yfvzwas
rpsozfh,	asylswu; bfrvcrw; finuphl; ivpuynu; jlbysig; kafqfbo; smnbuvy; vodayhv; vtfivzd
rwzecov,	fbpkzan; grlrwra; hqstmbl; kpgoclr; lcmjnlj; pepdoqk; qdthgrv; uymadae; vswrajk; yotfnuf
ryfbbze,	qangbjb; tnofyba; tqsqsui
sdmlpam,	amdghny; asylswu; bwrbont; lhnjavr; qxvspxe; xzeeblf; zcryqzy
sfxrktq,	vwtxhry
skfkaso,	fhzegqw; gnjjndk; ihfyzyb; itunfed; okdbkws; oyisvys; pmzwsno; qkwiwkt; susvcpz; vopxjfh; yotfnuf; zcznmiy
slkgakp,	bcmzdex; rkxrhyf
smnbuvy,	grlrwra; kafqfbo; pmraxnp; utxzmms
snbsiyj,	wuflnwt
sqmabct,	itunfed; okdbkws
susvcpz,	fcjrqks; hfmrfdo; ijkkjsw; jlbysig
tbygetm,	asylswu; eqqwosm; hrzhafb; smnbuvy; vodayhv; vwtxhry
tikexia,	kpgoclr
tlbuqhy,	ettjbvt; finuphl; ijfnpdi; ldhqbuz; snbsiyj
tmwfrwg,	asylswu; aybnjmz; ddsyivn; ettjbvt; finuphl; ijfnpdi; ldhqbuz; snbsiyj; tbygetm; tikexia; tuaiwyl; tymvhrf; xcdglzr; ytltzru
tntsntp,	icuxbhy; jzsadvu; kpxfpgn; lgaruff; nweofqt; tojkrku; xiblkbt; yiqfrcq
tojkrku,	hmvxvxn; tnofyba
toqxdxh,	krirlmz; utxzmms; wuflnwt
tqsqsui,	bxqgapi; glowhav; jzsadvu; kacrrsv; pepdoqk; qdthgrv; uymadae; vwtxhry; zcznmiy
tsaptub,	abrlnrt; fbpkzan; hrygglx; ivpuynu; izwapwt; myvqlrf; ndvtkda; nflsqfo; ouyrcev; tikexia; vtfivzd; xcdglzr; yiqfrcq
ttpynfg,	abrlnrt; bcmzdex; cufrldd; ettjbvt; gbfnexb; ikzwzeq; rwzecov; tmwfrwg; yyjelis
tuaiwyl,	albpjqi; bcmzdex; hbpxsyl; smnbuvy; vopxjfh; zcryqzy
tymvhrf,	bfhaltf; cjgmifz; finuphl; ivpuynu; kpxfpgn; pmraxnp; snbsiyj; vcrnziz; wknokbu
tzxjutr,	alkusho; gbfnexb; gyqwsnh; hrygglx; hrzhafb; okdbkws; pactcbe; qangbjb; qyytszl; rwzecov; tiobyze; uwiqezd; xfjxuig
udlfjoa,	aebczel; alkusho; bjvgoii; dmeejbj; dqiwvim; icuxbhy; ijkkjsw; mqcjrbs; qxeliqt; rpsozfh; ttpynfg; tzxjutr; wcmhiul
ugkkuem,	abrlnrt; bxqgapi; qgdwekl; wknokbu
ugzqipr,	jlnfvng; rrfghxh; wuflnwt
uldrfww,	bridqfy; dqtnwdu; ihfyzyb; ikyfroe; jhjymmv; khfdngz; kkdbmtu; lhnjavr; qfjihhj; qyytszl; rhgfaio; tnofyba; yzxnprv; zcryqzy; zkefxzj
uocrxja,	pactcbe; qangbjb
uojjfam,	eaqweuj; fbpkzan; nweofqt; pactcbe; regtbsn
utguklx,	okdbkws
utxzmms,	crucjus
uwiqezd,	bwrbont; dpjukhm; hrygglx; pepdoqk; uymadae; vxfroci; wuflnwt
uymadae,	deiinqb; kafqfbo; lhnjavr; okdbkws; xfjxuig
vcrnziz,	kpgoclr; utxzmms; wuflnwt
vixcegs,	uwiqezd; xfjxuig
vkfohoc,	bxqgapi; bxrkowy; cjhyqfs; dqtnwdu; smnbuvy; tojkrku; ugzqipr; wwpxgxx; ycicszn
vodayhv,	hqstmbl; pmraxnp
vopxjfh,	abrlnrt; asylswu; qangbjb; sfxrktq
vtfivzd,	fbpkzan
wcmhiul,	btndyix; bwrbont; ijfnpdi; zcznmiy
wknokbu,	abrlnrt; alkusho; btndyix; ggpmpjb; jzsadvu; kyhwdgw; utxzmms; vtfivzd; yumkigz
wnqxpzp,	abvqaet; apminzc; jnjtvcd; nnmntyq; sdmlpam; susvcpz; tvmgwlk; uymadae; wknokbu; xglojna; xzeeblf
wqinqyt,	bxqgapi; hfmrfdo; icuxbhy; krirlmz; tntsntp; vswrajk; xtzpkov; ycicszn; yrgmrhm
wvunvjr,	aebczel; bxrkowy; bzrapcd; cjhyqfs; eaqweuj; fnwlkzp; itunfed; kpzrghq; lcmjnlj; ldhqbuz; mqcjrbs; ncyiold; ppmvnzs; qxcdhnv; wnqxpzp; wwpxgxx; xglojna; ydmxgfr; yiqfrcq
wwpxgxx,	laavakp; oyisvys; wuflnwt
xadtnhd,	alkusho; dncrktv; fvixxay; hdfbbuq; itunfed; lwojgmj; qxeliqt; qxvspxe; rizkunt; susvcpz; uojjfam; xnbnflx; yotfnuf; ytltzru; zflbevj
xagqjmf,	aebczel; aybnjmz; fnwlkzp; ijfnpdi; jayxjmy; krirlmz; laavakp; rhgfaio; skfkaso; tvmgwlk; vodayhv; xcdglzr
xcdglzr,	ihfyzyb
xfjxuig,	bxrkowy; sfxrktq; tojkrku; xlxrppt
xfthhhz,	abvqaet; eqqwosm; finuphl; ggpmpjb; hmvxvxn; koliqvz; lcmjnlj; pepdoqk; sfxrktq; smnbuvy; xlxrppt; zcznmiy
xglojna,	alkusho; glowhav; jlbysig; nnmntyq; smnbuvy; vcrnziz; xfjxuig; xlxrppt
xguzdcr,	drclpvk; hmlfdrd; kpxfpgn; ldhqbuz; mqcjrbs; ndvtkda; nflsqfo; oyisvys; rpsozfh; skfkaso; tsaptub; yaxktgv
xiblkbt,	bzrapcd; hrzhafb; jayxjmy; koliqvz; kpzrghq; kyhwdgw; lrmridq; xfjxuig; zvljfao
xidzfjz,	alkusho; cufrldd; ddsyivn; fbpkzan; fcjrqks; gyqwsnh; ijfnpdi; ikyfroe; kafqfbo; oelzqub; ohvzydw; pactcbe; pepdoqk; snbsiyj; tbygetm; wcmhiul; xzeeblf
xlxrppt,	aagphvj; cjgmifz; yumkigz
xnbnflx,	fhzegqw; nflsqfo; qdthgrv; wwpxgxx; xglojna
xtzpkov,	vodayhv; xlxrppt
xvhqysw,	alkusho; smnbuvy; wwpxgxx
xzeeblf,	ajbqmda; bwrbont; ddsyivn; kpgoclr; pactcbe; ptymplh; skfkaso; vtfivzd
yaxktgv,	bcmzdex; czmmunk; okdbkws; ptymplh; rwzecov
ycicszn,	zkefxzj; zvljfao
ydmxgfr,	bfrvcrw
yfvzwas,	bcmzdex; cjhyqfs; cysiwhl; dbdwgxb; drclpvk; easfglf; ptymplh; pycmucj; susvcpz; wvunvjr; xfthhhz
yiqfrcq,	bzrapcd; gbfnexb; hrzhafb; ixxvkwb
ykjhixf,	albpjqi; dncrktv; eowydwe; gbfnexb; ghcivkt; iqhfkqk; kacrrsv; kgsyglq; pycmucj; tikexia; vxfroci; xglojna; xguzdcr; zarwtkd
ymcqkqs,	tikexia; vxfroci; xglojna
yotfnuf,	hmvxvxn; oyisvys
yrgmrhm,	hmvxvxn; tiobyze; tojkrku; vxfroci
ytltzru,	hrzhafb; lcmjnlj; qgdwekl
yumkigz,	dpjukhm; jayxjmy
yyjelis,	deiinqb; hmlfdrd; hrygglx; ndvtkda; xagqjmf
yzmekgq,	lcmjnlj
yzxnprv,	drclpvk; jayxjmy; ycicszn
zarwtkd,	dpjukhm; zcryqzy
zduyakv,	dncrktv; dqiwvim; dqtnwdu; ettjbvt; hdfbbuq; kkdbmtu; lgaruff; oyisvys; qgdwekl; qxeliqt; tiobyze; tqsqsui; udlfjoa; xcdglzr; yiqfrcq
zflbevj,	alkusho; grlrwra; hrzhafb; snbsiyj; utxzmms; vswrajk; zkefxzj
zfrornn,	fhzegqw; ghcivkt; ivpuynu; kyhwdgw; rkxrhyf; susvcpz; ugkkuem
zkefxzj,	dpjukhm; glowhav
zomqaqz,	eqqwosm; ggpmpjb; glowhav; grlrwra; iysorjc; jbhgfsg; lcmjnlj; lrmridq; mcmkaqi; nnmntyq; ouyrcev; pycmucj; sfxrktq; tbygetm; yaxktgv; yiqfrcq
ztfrgmt,	aebczel; aybnjmz; ddsyivn; glowhav; kafqfbo; myvqlrf; ptymplh; qyytszl; tbygetm; zvljfao
zvljfao,	abrlnrt; hqstmbl; hrygglx; vcrnziz; xtzpkov; yrgmrhm
